Date,Home Team,Away Team,Home Score,Away Score,Home Possession %,Away Possession %,Home Shots on target,Away Shots on target,Home Shots,Away Shots,Home Touches,Away Touches,Home Passes,Away Passes,Home Tackles,Away Tackles,Home Clearances,Away Clearances,Home Corners,Away Corners,Home Offsides,Away Offsides,Home Yellow cards,Away Yellow cards,Home Red cards,Away Red cards,Home Fouls conceded,Away Fouls conceded
10/08/2019,AFC Bournemouth,Sheffield United,1,1,52.9,47.1,3,3,13,8,671,615,485,428,18,14,13,16,3,4,1,1,2,1,0,0,10,19
10/08/2019,Burnley,Southampton,3,0,46.5,53.5,4,3,10,11,549,579,332,393,21,7,13,18,2,7,5,1,0,0,0,0,6,12
10/08/2019,Crystal Palace,Everton,0,0,35.4,64.6,2,3,6,10,467,722,268,500,21,14,21,18,6,2,4,0,2,1,0,1,16,14
11/08/2019,Leicester City,Wolverhampton Wanderers,0,0,70,30,1,2,16,8,871,508,665,291,20,19,12,33,12,3,0,1,0,2,0,0,3,13
11/08/2019,Newcastle United,Arsenal,0,1,38.1,61.9,2,2,9,8,577,819,378,616,26,11,17,22,5,3,1,3,1,3,0,0,12,7
17/08/2019,Arsenal,Burnley,2,1,67.5,32.5,9,5,15,18,731,437,529,234,12,16,28,25,10,7,5,1,2,1,0,0,13,11
17/08/2019,Aston Villa,AFC Bournemouth,1,2,62.6,37.4,7,4,21,12,689,468,490,295,7,15,15,25,10,5,5,2,0,2,0,0,10,13
17/08/2019,Brighton and Hove Albion,West Ham United,1,1,57.3,42.7,4,3,16,8,717,587,497,377,20,22,16,14,8,6,2,4,0,2,0,0,11,10
18/08/2019,Chelsea,Leicester City,1,1,50.2,49.8,5,3,14,12,692,690,454,455,25,29,23,20,4,5,3,3,1,0,0,0,9,14
17/08/2019,Everton,Watford,1,0,44.1,55.9,2,2,12,8,536,611,303,388,20,34,35,13,4,7,3,1,2,3,0,0,11,11
17/08/2019,Norwich City,Newcastle United,3,1,63.3,36.7,8,4,15,12,780,513,603,336,14,14,23,13,7,5,2,1,1,3,0,0,9,11
18/08/2019,Sheffield United,Crystal Palace,1,0,42.5,57.5,3,4,15,6,604,718,354,498,20,21,38,25,8,4,0,1,3,1,0,0,16,11
19/08/2019,Wolverhampton Wanderers,Manchester United,1,1,34.4,65.6,2,2,6,9,520,845,350,668,17,23,14,15,4,6,1,1,2,2,0,0,17,8
24/08/2019,Manchester United,Crystal Palace,1,2,71.3,28.7,3,3,22,5,748,409,562,231,9,25,6,26,8,1,0,0,2,4,0,0,8,18
25/08/2019,Tottenham Hotspur,Newcastle United,0,1,80.2,19.8,2,3,17,8,942,391,763,190,10,15,5,54,6,6,1,4,2,2,0,0,10,5
24/08/2019,Watford,West Ham United,1,3,54.9,45.1,3,10,23,16,667,593,465,386,17,17,12,24,8,7,1,2,1,1,0,0,12,11
25/08/2019,Wolverhampton Wanderers,Burnley,1,1,65.1,34.9,2,4,17,13,772,479,586,306,9,12,29,27,4,3,1,1,0,2,0,0,9,11
31/08/2019,Chelsea,Sheffield United,2,2,62.3,37.7,5,2,13,8,898,595,719,429,16,15,15,24,3,4,2,0,0,1,0,0,6,11
31/08/2019,Crystal Palace,Aston Villa,1,0,52.8,47.2,5,2,22,10,614,591,407,379,18,19,21,30,13,2,2,0,2,4,0,1,15,16
31/08/2019,Newcastle United,Watford,1,1,48.8,51.2,5,3,13,13,651,682,468,498,11,14,14,24,6,5,6,0,2,3,0,0,5,11
31/08/2019,Southampton,Manchester United,1,1,41.4,58.6,2,8,10,21,598,771,375,537,25,19,25,16,2,3,0,1,1,2,1,0,17,7
31/08/2019,West Ham United,Norwich City,2,0,48.6,51.4,8,3,18,8,662,710,474,500,29,14,9,15,8,2,2,3,2,1,0,0,16,10
16/09/2019,Aston Villa,West Ham United,0,0,46.6,53.4,5,1,10,13,604,678,408,470,19,21,14,15,2,4,3,3,2,1,0,1,13,12
14/09/2019,Brighton and Hove Albion,Burnley,1,1,62.5,37.5,5,1,14,7,693,500,491,284,21,17,20,24,3,6,2,2,0,2,0,0,13,7
14/09/2019,Manchester United,Leicester City,1,0,41.7,58.3,5,3,10,9,566,686,345,471,19,30,30,11,3,9,0,2,1,2,0,0,14,14
14/09/2019,Sheffield United,Southampton,0,1,48.2,51.8,4,7,17,11,647,692,414,467,21,18,24,28,12,6,3,1,1,1,1,0,10,7
21/09/2019,Burnley,Norwich City,2,0,41.4,58.6,6,2,13,11,550,714,357,528,14,19,15,19,7,3,2,0,0,1,0,0,11,10
22/09/2019,Crystal Palace,Wolverhampton Wanderers,1,1,49.9,50.1,4,4,13,13,692,661,456,442,24,31,18,17,6,7,1,0,2,1,0,1,7,10
21/09/2019,Everton,Sheffield United,0,2,69.8,30.2,3,1,16,2,741,442,520,227,10,15,11,63,12,3,1,1,1,3,0,0,9,9
21/09/2019,Leicester City,Tottenham Hotspur,2,1,44.2,55.8,7,4,16,11,599,704,380,491,23,18,24,23,8,2,3,3,1,2,0,0,16,13
21/09/2019,Newcastle United,Brighton and Hove Albion,0,0,28.7,71.3,4,3,11,16,467,922,280,718,18,14,22,14,5,3,0,3,2,1,0,0,12,8
22/09/2019,West Ham United,Manchester United,2,0,46.5,53.5,6,3,8,9,604,661,424,479,16,13,18,18,3,7,2,1,2,2,0,0,8,9
28/09/2019,Chelsea,Brighton and Hove Albion,2,0,52.6,47.4,10,1,24,8,760,704,568,502,18,21,15,25,5,2,1,2,2,3,0,0,5,13
28/09/2019,Crystal Palace,Norwich City,2,0,44.6,55.4,3,3,15,10,620,726,415,524,18,17,13,22,5,5,2,1,3,1,0,0,14,10
30/09/2019,Manchester United,Arsenal,1,1,54.8,45.2,4,5,16,10,631,563,440,364,15,19,7,14,8,7,2,4,4,2,0,0,18,13
28/09/2019,Sheffield United,Liverpool,0,1,29.6,70.4,2,4,12,16,479,896,291,708,11,11,29,25,6,5,0,1,1,1,0,0,8,4
28/09/2019,Wolverhampton Wanderers,Watford,2,0,39.1,60.9,2,5,6,14,575,801,404,628,21,15,27,7,1,6,2,1,0,1,0,0,5,6
06/10/2019,Arsenal,AFC Bournemouth,1,0,52.5,47.5,2,2,12,10,653,643,443,403,23,14,17,31,14,5,0,0,1,2,0,0,12,6
05/10/2019,Brighton and Hove Albion,Tottenham Hotspur,3,0,47.7,52.3,6,3,17,8,713,750,494,547,22,23,19,15,4,4,1,1,2,1,0,0,11,7
05/10/2019,Burnley,Everton,1,0,40.8,59.2,3,2,9,11,514,636,327,471,15,9,22,15,7,9,5,1,2,1,0,1,5,12
05/10/2019,Liverpool,Leicester City,2,1,50.7,49.3,8,1,18,2,733,681,494,478,19,16,25,27,4,6,3,2,1,4,0,0,9,17
06/10/2019,Manchester City,Wolverhampton Wanderers,0,2,76,24,2,2,18,7,917,423,714,230,14,18,5,43,9,1,1,2,5,2,0,0,11,14
06/10/2019,Newcastle United,Manchester United,1,0,31.9,68.1,2,3,12,12,450,757,281,594,12,11,17,7,4,6,1,2,3,3,0,0,12,10
05/10/2019,Watford,Sheffield United,0,0,39.5,60.5,2,3,8,9,542,760,360,554,17,15,34,27,7,7,2,3,0,2,0,0,7,6
05/10/2019,West Ham United,Crystal Palace,1,2,51.7,48.3,4,4,9,7,678,668,519,489,19,10,14,18,2,2,2,4,3,2,0,0,11,7
19/10/2019,AFC Bournemouth,Norwich City,0,0,47.7,52.3,2,1,11,10,618,663,407,469,16,14,23,33,6,7,2,2,1,3,0,0,8,11
19/10/2019,Chelsea,Newcastle United,1,0,71.1,28.9,8,0,16,5,851,441,634,258,23,12,16,31,11,0,1,1,2,1,0,0,9,12
19/10/2019,Leicester City,Burnley,2,1,64.5,35.5,3,4,19,13,770,504,556,303,22,15,20,22,9,4,2,3,0,3,0,0,4,10
20/10/2019,Manchester United,Liverpool,1,1,32,68,2,4,7,10,509,842,299,652,10,18,29,17,3,1,4,1,0,1,0,0,6,14
21/10/2019,Sheffield United,Arsenal,1,0,31.4,68.6,2,3,8,9,492,835,287,633,21,17,25,12,7,12,1,1,4,4,0,0,10,12
19/10/2019,Tottenham Hotspur,Watford,1,1,69.4,30.6,2,2,12,7,908,503,686,313,11,20,6,52,11,2,5,1,4,3,0,0,5,9
19/10/2019,Wolverhampton Wanderers,Southampton,1,1,57,43,1,5,4,14,688,559,511,385,11,9,10,19,1,3,1,2,3,2,0,0,10,17
27/10/2019,Arsenal,Crystal Palace,2,2,56.2,43.8,6,4,15,10,639,554,444,345,21,14,18,26,12,5,1,1,2,0,0,0,18,9
27/10/2019,Liverpool,Tottenham Hotspur,2,1,68,32,13,4,21,11,836,523,631,298,20,16,8,35,8,3,0,4,3,3,0,0,9,11
27/10/2019,Newcastle United,Wolverhampton Wanderers,1,1,43.1,56.9,2,5,13,13,595,720,405,533,13,18,28,17,3,6,1,1,2,2,1,0,8,16
26/10/2019,Watford,AFC Bournemouth,0,0,40.2,59.8,3,5,7,15,545,713,337,501,20,16,23,21,5,10,5,3,5,3,0,0,14,8
26/10/2019,West Ham United,Sheffield United,1,1,60.8,39.2,4,4,12,10,724,551,545,357,12,11,8,27,10,4,4,4,2,2,0,0,7,10
02/11/2019,Arsenal,Wolverhampton Wanderers,1,1,57.5,42.5,4,8,10,24,766,613,539,397,16,22,20,21,8,9,2,2,0,2,0,0,6,15
02/11/2019,AFC Bournemouth,Manchester United,1,0,42.6,57.4,6,4,13,15,581,700,366,488,13,18,33,11,4,10,1,4,4,3,0,0,14,12
03/11/2019,Crystal Palace,Leicester City,0,2,44.2,55.8,3,5,12,14,548,634,334,431,19,22,12,24,5,6,2,1,2,2,0,0,15,16
03/11/2019,Everton,Tottenham Hotspur,1,1,47.3,52.7,3,2,7,5,567,651,375,443,26,15,8,24,5,2,1,2,1,2,0,1,9,8
02/11/2019,Manchester City,Southampton,2,1,75.3,24.7,4,3,26,3,885,461,639,225,9,20,5,76,17,0,3,0,3,1,0,0,11,10
02/11/2019,Sheffield United,Burnley,3,0,45.6,54.4,6,0,13,6,563,627,384,460,17,5,23,17,7,6,1,0,1,2,0,0,8,12
09/11/2019,Chelsea,Crystal Palace,2,0,60.6,39.4,5,1,23,3,774,559,572,377,19,19,9,21,7,0,0,0,3,2,0,0,9,17
09/11/2019,Newcastle United,AFC Bournemouth,2,1,33.9,66.1,9,4,21,16,485,778,279,559,18,14,31,24,5,4,4,1,2,0,0,0,10,5
09/11/2019,Tottenham Hotspur,Sheffield United,1,1,61.1,38.9,5,4,17,14,806,591,602,378,19,27,19,23,4,4,1,6,2,2,0,0,6,9
23/11/2019,Arsenal,Southampton,2,2,61,39,5,6,12,21,729,540,487,316,25,18,17,21,6,8,2,1,6,2,0,0,13,19
23/11/2019,AFC Bournemouth,Wolverhampton Wanderers,1,2,46.6,53.4,2,8,9,18,608,689,443,509,9,11,18,27,5,9,0,4,2,1,1,0,10,12
23/11/2019,Brighton and Hove Albion,Leicester City,0,2,52.6,47.4,0,9,7,19,650,594,458,418,11,17,11,22,6,7,2,1,2,0,0,0,9,1
23/11/2019,Crystal Palace,Liverpool,1,2,40,60,6,4,16,12,544,703,330,510,14,24,31,29,9,8,3,0,0,1,0,0,8,7
23/11/2019,Everton,Norwich City,0,2,57.3,42.7,7,5,18,13,621,538,401,307,20,18,14,35,7,7,0,0,3,5,0,0,12,11
23/11/2019,Manchester City,Chelsea,2,1,46.7,53.3,4,2,15,11,728,821,558,644,15,15,12,23,8,2,3,4,1,1,0,0,5,9
23/11/2019,Watford,Burnley,0,3,61.9,38.1,4,5,15,11,582,422,396,248,11,6,23,29,7,5,2,2,1,3,0,0,14,13
30/11/2019,Burnley,Crystal Palace,0,2,43.5,56.5,4,2,15,7,553,685,347,464,20,15,16,31,5,6,1,1,2,0,0,0,13,9
30/11/2019,Chelsea,West Ham United,0,1,65.7,34.3,6,4,19,5,920,545,671,354,7,26,9,30,9,3,3,0,0,3,0,0,0,16
30/11/2019,Liverpool,Brighton and Hove Albion,2,1,44.8,55.2,7,5,15,12,654,790,482,592,11,11,16,20,4,5,1,6,0,0,1,0,3,10
30/11/2019,Southampton,Watford,2,1,62.8,37.2,6,3,11,6,784,519,548,315,17,18,19,32,6,7,2,4,1,0,0,0,6,10
01/12/2019,Wolverhampton Wanderers,Sheffield United,1,1,59.4,40.6,3,4,13,10,718,583,517,361,17,19,13,37,7,2,1,3,1,5,0,0,12,18
05/12/2019,Arsenal,Brighton and Hove Albion,1,2,49.2,50.8,5,9,12,20,606,596,389,413,19,11,13,24,9,9,7,0,3,1,0,0,10,11
04/12/2019,Leicester City,Watford,2,0,63,37,6,1,12,4,762,526,569,324,11,17,27,30,7,2,3,1,3,2,0,0,13,16
04/12/2019,Manchester United,Tottenham Hotspur,2,1,46.6,53.4,7,5,12,8,638,712,441,497,20,18,15,19,4,3,1,1,0,1,0,0,9,9
03/12/2019,Crystal Palace,AFC Bournemouth,1,0,30.8,69.2,2,3,7,6,465,769,258,575,16,26,30,18,6,9,1,0,3,3,1,0,6,15
07/12/2019,Everton,Chelsea,3,1,30,70,7,4,13,15,470,843,255,594,36,14,25,23,1,5,2,3,3,0,0,0,14,9
07/12/2019,Manchester City,Manchester United,1,2,71.9,28.1,5,7,22,11,885,475,658,265,14,19,9,39,16,3,1,0,3,2,0,0,10,10
08/12/2019,Newcastle United,Southampton,2,1,45.3,54.7,6,4,12,19,581,630,344,410,16,24,25,17,3,12,0,1,1,3,0,0,11,17
08/12/2019,Norwich City,Sheffield United,1,2,58.2,41.8,4,3,14,9,786,625,579,418,17,17,15,23,9,1,1,2,0,4,0,1,6,12
07/12/2019,Watford,Crystal Palace,0,0,50.2,49.8,3,0,13,3,580,591,384,391,14,14,15,26,6,2,1,1,4,2,0,0,15,16
14/12/2019,Burnley,Newcastle United,1,0,48,52,4,0,7,9,560,575,369,397,14,17,28,15,4,3,3,1,0,2,0,0,15,12
14/12/2019,Chelsea,AFC Bournemouth,0,1,67,33,5,2,18,11,813,530,590,293,15,7,26,47,9,4,3,1,1,2,0,0,9,14
16/12/2019,Crystal Palace,Brighton and Hove Albion,1,1,34.8,65.2,4,10,11,15,535,801,315,593,14,16,32,13,3,7,0,1,1,1,0,0,7,12
14/12/2019,Leicester City,Norwich City,1,1,56.8,43.2,5,3,18,10,746,606,513,397,21,17,15,24,12,4,0,1,0,5,0,0,11,15
14/12/2019,Liverpool,Watford,2,0,67.9,32.1,6,2,16,8,847,514,649,309,14,21,14,35,6,3,5,4,2,1,0,0,8,6
15/12/2019,Manchester United,Everton,1,1,66.5,33.5,8,3,24,8,759,470,529,264,14,21,18,30,6,5,2,3,1,2,0,0,10,12
14/12/2019,Sheffield United,Aston Villa,2,0,56.7,43.3,3,0,7,8,697,596,512,396,12,11,16,43,3,2,3,0,2,2,0,0,10,9
14/12/2019,Southampton,West Ham United,0,1,57,43,2,4,11,11,701,561,474,359,15,17,24,29,5,8,4,2,1,3,0,0,9,14
21/12/2019,Aston Villa,Southampton,1,3,56.5,43.5,6,8,19,17,667,543,432,341,9,16,21,24,7,5,2,3,2,1,0,0,16,15
21/12/2019,AFC Bournemouth,Burnley,0,1,64.8,35.2,0,1,3,2,635,410,437,230,15,13,31,27,4,5,2,0,2,4,0,0,13,21
21/12/2019,Brighton and Hove Albion,Sheffield United,0,1,69,31,2,2,9,7,832,456,648,293,9,22,6,23,4,3,2,3,1,3,0,0,6,11
21/12/2019,Everton,Arsenal,0,0,43,57,0,2,9,6,548,678,353,484,15,14,13,24,5,4,0,1,2,3,0,0,10,11
21/12/2019,Newcastle United,Crystal Palace,1,0,42.5,57.5,3,4,8,16,552,702,365,503,25,18,16,14,4,5,2,0,2,0,0,0,12,11
21/12/2019,Norwich City,Wolverhampton Wanderers,1,2,50.2,49.8,7,4,13,14,642,618,455,440,15,13,18,12,3,11,3,2,2,4,0,0,7,14
22/12/2019,Tottenham Hotspur,Chelsea,0,2,44.5,55.5,1,3,5,13,651,768,455,571,19,16,20,15,3,5,0,2,4,3,1,0,9,11
22/12/2019,Watford,Manchester United,2,0,36.1,63.9,3,8,11,17,511,767,313,562,19,18,15,22,3,5,5,4,3,1,0,0,16,11
29/01/2020,West Ham United,Liverpool,0,2,29.4,70.6,4,5,7,13,519,1007,331,828,17,17,19,12,3,7,1,0,2,0,0,0,6,6
26/12/2019,Aston Villa,Norwich City,1,0,42.5,57.5,2,6,11,16,553,704,363,508,19,7,20,29,5,8,1,0,2,3,0,0,15,12
26/12/2019,AFC Bournemouth,Arsenal,1,1,39.5,60.5,4,2,12,17,580,796,383,599,16,10,24,19,8,3,1,0,4,4,0,0,5,13
26/12/2019,Chelsea,Southampton,0,2,66.1,33.9,3,3,10,5,937,595,688,362,21,32,7,31,8,1,1,2,3,2,0,0,10,9
26/12/2019,Everton,Burnley,1,0,67.5,32.5,5,0,21,6,717,418,521,255,5,20,14,25,10,2,0,1,0,0,0,0,15,14
26/12/2019,Sheffield United,Watford,1,1,58.1,41.9,4,2,16,5,713,583,517,386,18,7,10,27,9,1,4,1,0,3,0,0,11,8
26/12/2019,Tottenham Hotspur,Brighton and Hove Albion,2,1,53.8,46.2,5,5,11,11,692,640,494,416,19,23,19,28,9,2,5,0,4,2,0,0,10,9
29/12/2019,Liverpool,Wolverhampton Wanderers,1,0,62.9,37.1,3,2,10,10,808,559,607,352,19,23,15,20,5,6,2,5,1,0,0,0,7,3
28/12/2019,Newcastle United,Everton,1,2,42.7,57.3,5,9,20,22,535,659,317,435,14,15,25,32,5,8,3,2,2,2,0,0,13,13
28/12/2019,Norwich City,Tottenham Hotspur,2,2,41.1,58.9,2,7,5,15,597,768,394,554,22,22,26,11,4,6,3,3,3,3,0,0,12,10
28/12/2019,Southampton,Crystal Palace,1,1,59.9,40.1,5,2,14,5,682,543,471,334,20,16,11,32,12,4,2,2,1,2,0,0,13,7
28/12/2019,West Ham United,Leicester City,1,2,42.7,57.3,4,8,14,13,591,751,383,523,24,11,17,10,5,5,2,3,4,1,0,0,16,4
01/01/2020,Arsenal,Manchester United,2,0,48.8,51.2,4,4,10,10,715,729,513,542,19,12,18,7,1,4,0,0,2,0,0,0,11,15
01/01/2020,Brighton and Hove Albion,Chelsea,1,1,47.7,52.3,5,5,16,16,714,755,484,537,20,25,13,26,5,3,0,3,2,3,0,0,8,15
01/01/2020,Burnley,Aston Villa,1,2,61.9,38.1,1,6,20,11,699,500,506,327,7,13,12,31,8,4,2,1,1,1,0,0,12,10
02/01/2020,Liverpool,Sheffield United,2,0,74.8,25.2,7,2,19,3,1109,470,969,327,6,14,9,29,8,4,1,3,0,0,0,0,5,8
01/01/2020,Manchester City,Everton,2,1,65.4,34.6,7,2,16,7,943,555,777,401,10,14,13,11,3,6,3,1,0,4,0,0,11,11
01/01/2020,Norwich City,Crystal Palace,1,1,40.6,59.4,4,3,15,12,604,744,362,521,30,16,32,8,2,5,2,1,5,0,0,0,12,9
01/01/2020,Southampton,Tottenham Hotspur,1,0,40.9,59.1,3,5,12,11,583,741,343,499,22,23,37,24,6,9,1,3,3,4,0,0,21,8
11/01/2020,Crystal Palace,Arsenal,1,1,42.7,57.3,3,4,6,7,567,691,362,487,25,17,11,19,1,4,3,1,2,3,0,1,14,22
11/01/2020,Everton,Brighton and Hove Albion,1,0,53.8,46.2,6,2,14,9,705,646,491,426,21,13,22,27,4,3,2,2,2,1,0,0,7,7
10/01/2020,Sheffield United,West Ham United,1,0,46.9,53.1,3,2,13,7,612,713,437,504,19,16,11,18,7,3,3,1,1,0,0,0,11,6
11/01/2020,Tottenham Hotspur,Liverpool,0,1,33.2,66.8,4,7,14,13,591,961,381,786,13,20,38,9,4,3,2,2,0,2,0,0,4,8
11/01/2020,Wolverhampton Wanderers,Newcastle United,1,1,65.7,34.3,4,1,9,5,779,496,593,311,16,15,8,37,5,2,0,1,0,3,0,0,13,12
18/01/2020,Arsenal,Sheffield United,1,1,61,39,4,4,11,12,758,534,567,353,13,20,16,17,4,5,3,0,1,2,0,0,9,13
18/01/2020,Brighton and Hove Albion,Aston Villa,1,1,55.3,44.7,2,3,10,8,729,618,500,397,20,20,12,19,3,4,2,4,3,3,0,0,11,13
19/01/2020,Burnley,Leicester City,2,1,44.5,55.5,5,8,8,18,611,702,386,492,16,23,18,26,4,5,1,0,1,0,0,0,14,8
18/01/2020,Newcastle United,Chelsea,1,0,30.1,69.9,2,4,7,19,507,854,286,655,13,15,40,9,1,10,1,2,1,1,0,0,9,14
18/01/2020,Norwich City,AFC Bournemouth,1,0,66,34,5,3,16,6,820,493,635,316,13,19,11,21,4,5,0,3,2,2,1,1,10,10
18/01/2020,Southampton,Wolverhampton Wanderers,2,3,52.5,47.5,5,4,11,8,607,563,402,371,14,13,16,18,1,3,2,2,2,1,0,0,13,12
18/01/2020,Watford,Tottenham Hotspur,0,0,41.5,58.5,2,5,15,16,551,741,342,504,25,17,11,41,3,3,2,3,2,3,0,0,13,13
18/01/2020,West Ham United,Everton,1,1,48.8,51.2,6,3,12,11,645,659,435,459,16,20,17,19,7,6,3,1,1,0,0,0,11,13
21/01/2020,Aston Villa,Watford,2,1,64.5,35.5,5,2,16,8,790,522,558,314,9,21,14,33,6,3,0,3,2,2,0,0,11,18
21/01/2020,Sheffield United,Manchester City,0,1,32.7,67.3,1,5,4,18,463,795,286,600,13,8,23,24,5,13,4,1,4,3,0,0,13,13
22/01/2020,Tottenham Hotspur,Norwich City,2,1,50.4,49.6,3,2,14,13,680,683,479,475,11,24,14,19,7,3,1,0,0,1,0,0,12,7
02/02/2020,Burnley,Arsenal,0,0,42.7,57.3,2,2,15,13,533,658,324,462,20,17,21,23,5,7,4,1,1,3,0,0,8,11
01/02/2020,Crystal Palace,Sheffield United,0,1,60.7,39.3,3,3,13,10,721,533,515,337,14,20,12,28,9,5,1,0,3,2,1,0,9,15
01/02/2020,Leicester City,Chelsea,2,2,49.7,50.3,4,3,14,7,671,698,478,485,25,15,18,18,4,6,1,1,2,2,0,0,16,14
01/02/2020,Manchester United,Wolverhampton Wanderers,0,0,63.7,36.3,5,4,16,15,851,575,633,354,19,28,12,21,4,6,0,1,3,2,0,0,14,15
01/02/2020,Newcastle United,Norwich City,0,0,43.4,56.6,5,4,15,19,579,687,365,485,15,10,37,22,8,12,3,0,2,1,0,0,10,15
16/02/2020,Aston Villa,Tottenham Hotspur,2,3,54.3,45.7,4,10,18,23,690,622,444,386,14,24,18,28,12,7,0,1,2,0,0,0,12,10
08/02/2020,Brighton and Hove Albion,Watford,1,1,67.2,32.8,2,2,10,5,797,491,603,301,13,25,8,28,3,2,2,2,2,2,0,0,9,12
15/02/2020,Norwich City,Liverpool,0,1,36.7,63.3,1,6,5,17,571,801,373,624,17,16,33,7,2,7,1,0,1,2,0,0,5,11
09/02/2020,Sheffield United,AFC Bournemouth,2,1,54.3,45.7,6,2,16,10,666,613,449,391,17,10,20,47,8,4,0,1,2,3,0,0,10,8
15/02/2020,Southampton,Burnley,1,2,63.6,36.4,2,6,10,9,731,509,518,297,11,18,10,30,4,3,1,3,2,2,0,0,8,11
14/02/2020,Wolverhampton Wanderers,Leicester City,0,0,40.8,59.2,3,3,15,9,557,698,328,493,18,21,15,17,7,0,2,0,2,2,0,1,13,10
22/02/2020,Chelsea,Tottenham Hotspur,2,1,49.1,50.9,7,3,17,5,772,794,551,572,26,24,13,15,3,5,1,0,1,2,0,0,14,14
22/02/2020,Crystal Palace,Newcastle United,1,0,44.2,55.8,9,2,18,8,585,655,356,447,22,16,15,15,7,5,0,3,2,6,0,1,15,11
22/02/2020,Leicester City,Manchester City,0,1,31.9,68.1,3,7,10,18,515,871,311,677,14,15,21,14,3,7,1,1,0,0,0,0,14,10
22/02/2020,Sheffield United,Brighton and Hove Albion,1,1,66.3,33.7,3,2,13,9,782,523,532,285,15,15,7,56,12,2,3,2,0,2,0,0,5,6
17/06/2020,Aston Villa,Sheffield United,0,0,45.1,54.9,6,1,14,5,575,648,382,483,8,18,17,17,12,4,1,0,1,1,0,0,11,14
29/02/2020,Brighton and Hove Albion,Crystal Palace,0,1,66.5,33.5,8,3,23,12,778,506,538,273,26,23,15,32,8,7,1,3,2,1,0,0,8,9
01/03/2020,Everton,Manchester United,1,1,44.1,55.9,5,5,16,14,551,640,327,431,14,16,19,27,13,8,3,1,3,4,0,0,11,11
17/06/2020,Manchester City,Arsenal,3,0,67.1,32.9,12,0,20,3,834,466,692,333,7,15,6,11,5,2,1,5,1,1,0,1,9,7
29/02/2020,Newcastle United,Burnley,0,0,54,46,4,0,21,7,576,533,376,323,19,14,18,20,11,7,2,2,4,3,0,0,11,9
28/02/2020,Norwich City,Leicester City,1,0,42.6,57.4,6,4,11,19,560,667,344,468,22,15,23,10,6,7,2,0,1,2,0,0,13,16
07/03/2020,Arsenal,West Ham United,1,0,68.9,31.1,2,6,9,14,799,448,621,264,13,11,28,18,6,7,2,2,1,2,0,0,11,9
07/03/2020,Burnley,Tottenham Hotspur,1,1,45,55,8,2,21,13,623,692,378,479,24,14,21,36,3,5,2,0,5,4,0,0,16,11
07/03/2020,Crystal Palace,Watford,1,0,44.2,55.8,3,3,10,10,604,665,371,464,21,22,33,18,8,8,2,1,4,4,0,0,12,16
09/03/2020,Leicester City,Aston Villa,4,0,64.6,35.4,7,1,15,4,757,510,543,301,24,23,12,22,9,0,3,2,2,1,0,0,15,12
08/03/2020,Manchester United,Manchester City,2,0,27.7,72.3,6,4,12,7,488,948,294,761,19,15,33,8,2,11,1,2,2,4,0,0,11,9
07/03/2020,Sheffield United,Norwich City,1,0,41.8,58.2,4,5,10,12,576,736,359,519,14,18,31,27,10,5,1,3,0,0,0,0,12,8
07/03/2020,Southampton,Newcastle United,0,1,38,62,3,7,6,14,502,696,298,500,19,15,18,18,5,8,0,2,0,3,1,0,14,15
07/03/2020,Wolverhampton Wanderers,Brighton and Hove Albion,0,0,43.1,56.9,1,1,11,7,668,821,458,606,22,23,14,21,2,0,0,0,1,3,0,0,4,7
21/06/2020,Aston Villa,Chelsea,1,2,26,74,4,5,8,19,412,859,246,692,8,7,31,11,2,10,0,0,2,1,0,0,9,17
20/06/2020,AFC Bournemouth,Crystal Palace,0,2,58.7,41.3,1,2,12,7,680,541,494,350,18,26,8,20,11,4,2,3,3,2,0,0,13,15
20/06/2020,Brighton and Hove Albion,Arsenal,2,1,41.3,58.7,5,6,9,13,495,665,325,476,22,8,23,25,10,7,0,4,2,1,0,0,13,8
21/06/2020,Everton,Liverpool,0,0,29.9,70.1,3,3,8,10,426,767,256,594,20,16,26,3,1,6,2,1,2,2,0,0,15,12
19/06/2020,Tottenham Hotspur,Manchester United,1,1,38.8,61.2,3,6,10,12,566,791,365,586,14,16,30,18,7,6,1,3,0,1,0,0,17,18
20/06/2020,Watford,Leicester City,1,1,31.7,68.3,4,2,8,15,459,760,254,555,13,27,22,25,2,7,0,3,0,1,0,0,15,12
25/06/2020,Burnley,Watford,1,0,55.2,44.8,5,4,9,10,610,500,424,329,11,16,36,13,1,7,3,0,1,0,0,0,13,15
25/06/2020,Chelsea,Manchester City,2,1,35.3,64.7,10,2,15,11,517,875,382,713,13,7,20,8,5,7,3,1,1,1,0,1,13,3
23/06/2020,Leicester City,Brighton and Hove Albion,0,0,66.4,33.6,2,2,11,10,783,487,588,294,16,21,20,25,6,7,0,0,2,2,0,0,10,13
24/06/2020,Manchester United,Sheffield United,3,0,68.2,31.8,6,1,15,4,891,486,748,338,7,15,18,18,10,5,1,2,1,0,0,0,10,6
24/06/2020,Newcastle United,Aston Villa,1,1,52.1,47.9,3,2,13,14,595,541,416,369,6,5,32,18,6,9,1,0,2,2,0,0,15,13
24/06/2020,Norwich City,Everton,0,1,46.6,53.4,1,5,9,12,629,689,432,495,15,20,24,22,6,5,1,1,0,1,0,0,8,13
25/06/2020,Southampton,Arsenal,0,2,52.6,47.4,3,5,12,10,608,566,435,398,17,10,8,19,4,6,2,1,0,2,1,0,10,14
23/06/2020,Tottenham Hotspur,West Ham United,2,0,64.5,35.5,4,2,15,10,826,533,662,361,9,21,10,24,9,4,3,2,2,2,0,0,12,7
24/06/2020,Wolverhampton Wanderers,AFC Bournemouth,1,0,55.1,44.9,2,0,10,4,613,519,425,347,14,17,24,15,6,4,2,2,3,3,0,0,11,11
27/06/2020,Aston Villa,Wolverhampton Wanderers,0,1,48,52,1,2,11,9,568,601,423,464,8,10,9,9,2,2,0,2,1,1,0,0,16,16
29/06/2020,Crystal Palace,Burnley,0,1,58.4,41.6,4,4,17,8,678,545,479,354,13,16,13,35,9,1,0,0,1,1,0,0,12,13
01/07/2020,Everton,Leicester City,2,1,34.9,65.1,2,3,7,15,524,796,331,596,20,15,34,9,3,5,0,1,1,1,0,0,13,10
28/06/2020,Watford,Southampton,1,3,47.6,52.4,0,7,8,11,587,663,396,460,13,20,10,28,5,3,1,1,3,0,0,0,18,9
05/07/2020,Burnley,Sheffield United,1,1,47.4,52.6,4,3,9,10,606,625,404,441,9,12,36,17,3,9,2,1,0,0,0,0,8,14
04/07/2020,Norwich City,Brighton and Hove Albion,0,1,58,42,1,2,12,8,763,594,587,418,14,11,19,17,0,2,4,0,2,2,0,0,11,13
05/07/2020,Southampton,Manchester City,1,0,26.3,73.7,4,6,8,26,519,1022,297,808,20,16,57,12,2,13,3,3,1,2,0,0,6,7
06/07/2020,Tottenham Hotspur,Everton,1,0,51.6,48.4,2,3,12,11,630,587,448,413,13,10,23,22,5,6,2,2,3,2,0,0,14,18
04/07/2020,Wolverhampton Wanderers,Arsenal,0,2,51.9,48.1,1,5,10,8,692,651,516,482,13,29,9,25,3,5,1,0,2,4,0,0,6,11
07/07/2020,Arsenal,Leicester City,1,1,37.5,62.5,7,5,11,13,518,733,323,558,6,17,13,20,10,1,4,1,1,0,1,0,10,14
09/07/2020,AFC Bournemouth,Tottenham Hotspur,0,0,35.7,64.3,2,0,9,9,478,715,271,499,15,21,26,38,8,12,1,0,3,2,0,0,11,14
09/07/2020,Everton,Southampton,1,1,38.7,61.3,4,4,11,16,522,697,330,518,12,13,26,12,3,5,3,2,3,3,0,0,13,14
08/07/2020,Sheffield United,Wolverhampton Wanderers,1,0,42.8,57.2,3,1,7,6,563,731,382,545,16,13,15,27,6,1,3,0,2,0,0,0,5,6
07/07/2020,Watford,Norwich City,2,1,43.5,56.5,4,3,9,12,564,705,375,504,21,19,8,30,4,3,0,0,2,4,0,0,11,15
08/07/2020,West Ham United,Burnley,0,1,53.2,46.8,5,4,21,8,637,619,427,395,19,17,16,45,10,3,0,5,1,1,0,0,7,7
12/07/2020,Aston Villa,Crystal Palace,2,0,44.9,55.1,9,5,12,9,494,590,314,386,12,15,12,15,5,1,1,0,2,4,0,1,21,21
11/07/2020,Liverpool,Burnley,1,1,70.8,29.2,9,2,23,6,857,436,659,265,10,11,17,36,11,6,2,3,1,2,0,0,7,4
11/07/2020,Sheffield United,Chelsea,3,0,23.7,76.3,4,4,9,15,408,981,251,809,7,8,37,12,4,6,1,0,1,0,0,0,8,6
12/07/2020,Tottenham Hotspur,Arsenal,2,1,37.3,62.7,9,4,15,13,542,808,378,636,22,12,21,13,6,5,2,0,5,3,0,0,16,11
11/07/2020,Watford,Newcastle United,2,1,47.7,52.3,5,4,17,8,488,531,316,353,12,13,10,21,2,4,3,3,1,4,0,0,23,15
15/07/2020,Arsenal,Liverpool,2,1,31.1,68.9,2,8,3,24,456,816,286,614,21,12,24,3,2,13,5,4,3,1,0,0,14,10
15/07/2020,Burnley,Wolverhampton Wanderers,1,1,46.7,53.3,1,5,9,14,522,598,359,413,12,9,21,20,3,8,1,1,0,0,0,0,10,8
14/07/2020,Chelsea,Norwich City,1,0,67.7,32.3,6,0,22,2,950,540,772,374,8,15,6,21,8,1,0,1,2,2,0,0,10,9
16/07/2020,Crystal Palace,Manchester United,0,2,40.6,59.4,5,5,13,17,626,827,428,625,26,14,18,13,2,7,1,0,1,2,0,0,10,15
16/07/2020,Everton,Aston Villa,1,1,54.9,45.1,1,1,9,15,622,527,443,362,10,9,20,14,5,5,0,0,2,1,0,0,15,13
15/07/2020,Manchester City,AFC Bournemouth,2,1,72.5,27.5,4,3,8,15,923,435,756,275,15,9,25,10,3,5,2,2,1,1,0,0,10,10
16/07/2020,Southampton,Brighton and Hove Albion,1,1,67.9,32.1,6,2,21,10,787,465,597,281,15,18,8,21,8,2,1,2,1,0,0,0,6,10
21/07/2020,Aston Villa,Arsenal,1,0,31,69,3,0,8,7,439,771,264,606,16,3,32,18,8,9,1,1,2,4,0,0,13,19
20/07/2020,Brighton and Hove Albion,Newcastle United,0,0,62.5,37.5,3,1,11,12,725,497,542,315,12,15,19,23,9,7,1,1,4,2,0,0,13,12
22/07/2020,Manchester United,West Ham United,1,1,57.2,42.8,4,3,11,12,775,613,609,441,9,20,8,18,2,3,3,1,3,1,0,0,10,9
18/07/2020,Norwich City,Burnley,0,2,42.3,57.7,2,8,6,23,516,638,354,468,6,13,23,8,6,8,1,1,0,0,2,0,9,16
20/07/2020,Sheffield United,Everton,0,1,50.6,49.4,0,2,8,5,651,660,468,472,17,10,12,29,7,1,1,2,1,3,0,0,11,19
19/07/2020,Tottenham Hotspur,Leicester City,3,0,29,71,3,6,7,24,465,893,285,697,17,12,30,7,4,13,4,0,2,1,0,0,15,10
20/07/2020,Wolverhampton Wanderers,Crystal Palace,2,0,53.4,46.6,5,3,11,7,651,594,465,404,18,13,14,18,5,2,0,1,2,1,0,0,11,15
26/07/2020,Burnley,Brighton and Hove Albion,1,2,54.2,45.8,2,4,13,15,561,520,378,334,20,6,3,31,6,7,3,2,3,0,0,0,11,11
26/07/2020,Chelsea,Wolverhampton Wanderers,2,0,62.9,37.1,3,1,11,5,833,561,629,370,30,22,14,6,3,3,3,1,2,3,0,0,10,16
26/07/2020,Crystal Palace,Tottenham Hotspur,1,1,47.2,52.8,2,2,13,7,637,693,422,489,22,26,11,17,7,2,1,0,3,2,0,0,11,13
26/07/2020,Leicester City,Manchester United,0,2,45.8,54.2,3,3,14,7,623,681,425,518,23,21,12,8,3,3,2,2,1,5,1,0,12,11
26/07/2020,Southampton,Sheffield United,3,1,72.1,27.9,4,3,13,5,864,417,684,260,11,12,8,34,9,1,2,2,0,1,0,0,9,16
